[
    {
        "id": "674a3fd5336d6c23",
        "type": "tab",
        "label": "Flow 1",
        "disabled": false,
        "info": "",
        "env": []
    },
    {
        "id": "f43b9dcf821fba9f",
        "type": "inject",
        "z": "674a3fd5336d6c23",
        "name": "fuelConsumption",
        "props": [
            {
                "p": "payload"
            },
            {
                "p": "topic",
                "vt": "str"
            }
        ],
        "repeat": "1",
        "crontab": "",
        "once": true,
        "onceDelay": 0.1,
        "topic": "",
        "payload": "",
        "payloadType": "date",
        "x": 170,
        "y": 120,
        "wires": [
            [
                "01ceaee9888fa975"
            ]
        ]
    },
    {
        "id": "fd83a5d9fa491931",
        "type": "inject",
        "z": "674a3fd5336d6c23",
        "name": "engineTemperature",
        "props": [
            {
                "p": "payload"
            },
            {
                "p": "topic",
                "vt": "str"
            }
        ],
        "repeat": "2",
        "crontab": "",
        "once": false,
        "onceDelay": 0.1,
        "topic": "",
        "payload": "",
        "payloadType": "date",
        "x": 180,
        "y": 180,
        "wires": [
            [
                "a563b12b9138d0e3"
            ]
        ]
    },
    {
        "id": "98fa218a49546cc6",
        "type": "inject",
        "z": "674a3fd5336d6c23",
        "name": "speed",
        "props": [
            {
                "p": "payload"
            },
            {
                "p": "topic",
                "vt": "str"
            }
        ],
        "repeat": "1",
        "crontab": "",
        "once": false,
        "onceDelay": 0.1,
        "topic": "",
        "payload": "",
        "payloadType": "date",
        "x": 140,
        "y": 240,
        "wires": [
            [
                "6955024cd5011024"
            ]
        ]
    },
    {
        "id": "9b72310a2b21c19b",
        "type": "inject",
        "z": "674a3fd5336d6c23",
        "name": "seatBeltEngagement",
        "props": [
            {
                "p": "payload"
            },
            {
                "p": "topic",
                "vt": "str"
            }
        ],
        "repeat": "2",
        "crontab": "",
        "once": false,
        "onceDelay": 0.1,
        "topic": "",
        "payload": "",
        "payloadType": "date",
        "x": 180,
        "y": 300,
        "wires": [
            [
                "bb5f1c5be9977fd5"
            ]
        ]
    },
    {
        "id": "0f5cf5a0f7f6f264",
        "type": "inject",
        "z": "674a3fd5336d6c23",
        "name": "cabinTemperature",
        "props": [
            {
                "p": "payload"
            },
            {
                "p": "topic",
                "vt": "str"
            }
        ],
        "repeat": "2",
        "crontab": "",
        "once": false,
        "onceDelay": 0.1,
        "topic": "",
        "payload": "",
        "payloadType": "date",
        "x": 170,
        "y": 360,
        "wires": [
            [
                "cbb60e3a8a508891"
            ]
        ]
    },
    {
        "id": "2a922cdb479cc838",
        "type": "inject",
        "z": "674a3fd5336d6c23",
        "name": "airQuality",
        "props": [
            {
                "p": "payload"
            },
            {
                "p": "topic",
                "vt": "str"
            }
        ],
        "repeat": "1",
        "crontab": "",
        "once": false,
        "onceDelay": 0.1,
        "topic": "",
        "payload": "",
        "payloadType": "date",
        "x": 150,
        "y": 420,
        "wires": [
            [
                "0f903c2188d006d0"
            ]
        ]
    },
    {
        "id": "8d5ac82d0e841b27",
        "type": "inject",
        "z": "674a3fd5336d6c23",
        "name": "tirePressure",
        "props": [
            {
                "p": "payload"
            },
            {
                "p": "topic",
                "vt": "str"
            }
        ],
        "repeat": "2",
        "crontab": "",
        "once": false,
        "onceDelay": "2",
        "topic": "",
        "payload": "",
        "payloadType": "date",
        "x": 150,
        "y": 480,
        "wires": [
            [
                "76d24ca93199f1d9"
            ]
        ]
    },
    {
        "id": "01ceaee9888fa975",
        "type": "function",
        "z": "674a3fd5336d6c23",
        "name": "function 1",
        "func": "let speed = 60;\nlet engineTemperature = 100;\n\n// Simulate fuel consumption\nfunction generateFuelConsumption(speed, engineTemperature) {\n    // Base fuel consumption as miles per gallon (mpg) or liters per 100km\n    let baseFuelConsumption = 30; // Example base value, assuming 30 mpg\n\n    // Adjust fuel consumption based on speed and engine temperature\n    // Typically, fuel consumption increases as speed goes beyond an optimal range\n    // or if the engine temperature is too high.\n    if (speed > 60) {\n        baseFuelConsumption -= (speed - 60) * 0.2;\n    }\n    if (engineTemperature > 200) {\n        baseFuelConsumption -= (engineTemperature - 200) * 0.1;\n    }\n\n    // Add some randomness to simulate real-world variations\n    let randomVariation = Math.random() * 2; // +/- 1 mpg\n    baseFuelConsumption += (randomVariation - 1);\n\n    // Ensure fuel consumption doesn't go below a threshold\n    if (baseFuelConsumption < 10) {\n        baseFuelConsumption = 10; // Minimum fuel consumption\n    }\n    return baseFuelConsumption;\n}\n\n// Create a new message payload with the simulated fuel consumption value\nlet fuelConsumption = generateFuelConsumption(speed, engineTemperature);\nmsg.payload = parseFloat(fuelConsumption.toFixed(2)); // set payload to fuelconsumption rounded to 2 decimal places.\nreturn msg; // return message object\n",
        "outputs": 1,
        "timeout": 0,
        "noerr": 0,
        "initialize": "",
        "finalize": "",
        "libs": [],
        "x": 360,
        "y": 120,
        "wires": [
            [
                "55a4047362979ebc"
            ]
        ]
    },
    {
        "id": "a563b12b9138d0e3",
        "type": "function",
        "z": "674a3fd5336d6c23",
        "name": "function 2",
        "func": "// Simulate engine temperature\nlet minTemp = 70; // minimum temperature\nlet maxTemp = 220; // maximum temperature\n\n// Generate a random engine temperature between minTemp and maxTemp\nlet engineTemperature = Math.floor(Math.random() * (maxTemp - minTemp + 1) + minTemp);\n\nmsg.payload = engineTemperature; // Set message payload to generate the temperature\nreturn msg; // Return message\n",
        "outputs": 1,
        "timeout": 0,
        "noerr": 0,
        "initialize": "",
        "finalize": "",
        "libs": [],
        "x": 360,
        "y": 180,
        "wires": [
            [
                "7d1e1c6a6c967e76"
            ]
        ]
    },
    {
        "id": "6955024cd5011024",
        "type": "function",
        "z": "674a3fd5336d6c23",
        "name": "function 3",
        "func": "// Function to simulate speed data\nfunction simulateSpeed() {\n    // Define the speed range (in miles per hour or kilometers per hour)\n    const minSpeed = 0; // Min speed of the vehicle at rest\n    const maxSpeed = 120; // Max speed - hypothetical top speed of the vehicle\n\n    // Randomly decide if the car accelerates or decelerates\n    const change = Math.random() > 0.5 ? 1 : -1;\n\n    // Random acceleration factor between 1 and 5\n    const accelerationFactor = Math.floor(Math.random() * 5 + 1);\n\n    // Retrieve the current speed from the flow context to maintain state\n    let currentSpeed = flow.get('currentSpeed') || 0;\n\n    // Calculate new speed with random acceleration/deceleration\n    currentSpeed += change * accelerationFactor;\n\n    // Ensure the speed stays within the min and max range\n    currentSpeed = Math.max(minSpeed, Math.min(maxSpeed, currentSpeed));\n\n    // Update the flow context with the new speed\n    flow.set('currentSpeed', currentSpeed);\n\n    return currentSpeed;\n}\n\n// Call the simulateSpeed function and assign its value to msg.payload\nmsg.payload = simulateSpeed(); // Simulate speed data\n\n// Return the message object to pass to the next node\nreturn msg;\n",
        "outputs": 1,
        "timeout": 0,
        "noerr": 0,
        "initialize": "",
        "finalize": "",
        "libs": [],
        "x": 360,
        "y": 240,
        "wires": [
            [
                "29e611f219313ee5"
            ]
        ]
    },
    {
        "id": "bb5f1c5be9977fd5",
        "type": "function",
        "z": "674a3fd5336d6c23",
        "name": "function 4",
        "func": "// Function to simulate seat belt engagement data\nfunction simulateSeatBeltEngagement() {\n    // Define the probability of seatbelt being engaged\n    const probabilityOfEngagement = 0.8;\n\n    // Generate a random number between 0 and 1\n    const randomNum = Math.random();\n\n    // Determine seatbelt status based on the random number and probability\n    const seatBeltEngaged = randomNum < probabilityOfEngagement;\n\n    // assign its value to msg.payload\n    return {\n        engaged: seatBeltEngaged ? \"Engaged\" : \"Disengaged\", // Set engaged status based on random number\n        randomValue: randomNum\n    };\n}\n\nlet result = simulateSeatBeltEngagement(); // Call the simulateSeatBeltEngagement function \n\n// Return the message object to pass to the next node\nmsg.payload = {\n    seatBeltStatus: result.engaged,\n};\n\n// Return the message object with updated payload\nreturn msg;\n",
        "outputs": 1,
        "timeout": 0,
        "noerr": 0,
        "initialize": "",
        "finalize": "",
        "libs": [],
        "x": 360,
        "y": 300,
        "wires": [
            [
                "fbb1364fdedc8945"
            ]
        ]
    },
    {
        "id": "cbb60e3a8a508891",
        "type": "function",
        "z": "674a3fd5336d6c23",
        "name": "function 5",
        "func": "// Function to simulate cabin temperature data\nfunction simulateCabinTemperature() {\n    // Define the typical temperature range inside a vehicle cabin in degrees Celsius\n    const minTemp = 15; // Minimum cabin temperature\n    const maxTemp = 30; // Maximum cabin temperature\n\n    // Simulate daily variation based on external factors\n    // For simplicity, we'll use a sine wave to simulate day/night temperature cycles\n    let hours = new Date().getHours();\n    let dailyVariation = Math.sin((hours / 24) * 2 * Math.PI);\n\n    // Calculate the current cabin temperature within the range, adjusted for daily variation\n    let cabinTemperature = minTemp + (maxTemp - minTemp) / 2 + \n                                 (dailyVariation * (maxTemp - minTemp) / 2);\n\n    // Add some randomness to simulate minor fluctuations\n    let randomFluctuation = (Math.random() - 0.5) * 2;\n    cabinTemperature += randomFluctuation;\n    return cabinTemperature;\n}\n\n// Call the simulateCabinTemperature function and assign its value to msg.payload\nmsg.payload = { cabinTemperature: simulateCabinTemperature().toFixed(2) };\n\n// Return the message object to pass to the next node\nreturn msg;\n",
        "outputs": 1,
        "timeout": 0,
        "noerr": 0,
        "initialize": "",
        "finalize": "",
        "libs": [],
        "x": 360,
        "y": 360,
        "wires": [
            [
                "d7c3c35189d70a7b"
            ]
        ]
    },
    {
        "id": "0f903c2188d006d0",
        "type": "function",
        "z": "674a3fd5336d6c23",
        "name": "function 6",
        "func": "// Function to simulate air quality data\nfunction simulateAirQuality() {\n     // Define the AQI range\n    const minAQI = 0;\n    const maxAQI = 500;\n\n    // Generate a random AQI within the range\n    let aqi = Math.floor(Math.random() * (maxAQI - minAQI + 1) + minAQI);\n\n    return aqi;\n}\n\n// Call the simulateAirQuality function and assign its value to msg.payload\nmsg.payload = { airQualityIndex: simulateAirQuality() };\n\n// Call the simulateAirQuality function and assign its value to msg.payload\nreturn msg;\n",
        "outputs": 1,
        "timeout": 0,
        "noerr": 0,
        "initialize": "",
        "finalize": "",
        "libs": [],
        "x": 360,
        "y": 420,
        "wires": [
            [
                "6a3d9c33c0613565"
            ]
        ]
    },
    {
        "id": "76d24ca93199f1d9",
        "type": "function",
        "z": "674a3fd5336d6c23",
        "name": "function 7",
        "func": "// Function to simulate tire pressure data for four tires\nfunction simulateTirePressure() {\n\n    // Define the normal tire pressure range in psi\n    const minPressure = 28;\n    const maxPressure = 35;\n\n    // Function to generate random pressure for a tire\n    const generatePressure = () => Math.floor(Math.random() *\n        (maxPressure - minPressure + 1) + minPressure);\n\n    // Generate random pressure for each tire\n    let tirePressures = {\n        frontLeft: generatePressure(),\n        frontRight: generatePressure(),\n        rearLeft: generatePressure(),\n        rearRight: generatePressure()\n    };\n    return tirePressures;\n}\n\nlet tirePressure = simulateTirePressure();\n\n// Call the simulateTirePressure function and assign its value to msg.payload\nmsg.payload = tirePressure.frontLeft;\n\n// Return the message object to pass to the next node\nreturn msg;\n",
        "outputs": 1,
        "timeout": 0,
        "noerr": 0,
        "initialize": "",
        "finalize": "",
        "libs": [],
        "x": 360,
        "y": 480,
        "wires": [
            [
                "878dce0844247f9f"
            ]
        ]
    },
    {
        "id": "28457745a2911513",
        "type": "mqtt in",
        "z": "674a3fd5336d6c23",
        "name": "fuelConsumption",
        "topic": "car/telemetry/fuelConsumption",
        "qos": "2",
        "datatype": "auto-detect",
        "broker": "d71afeb3240d1ab4",
        "nl": false,
        "rap": true,
        "rh": 0,
        "inputs": 0,
        "x": 140,
        "y": 600,
        "wires": [
            [
                "81f782c1a7fba76a",
                "c0eb7229140f5924"
            ]
        ]
    },
    {
        "id": "55a4047362979ebc",
        "type": "mqtt out",
        "z": "674a3fd5336d6c23",
        "name": "fuelConsumption",
        "topic": "car/telemetry/fuelConsumption",
        "qos": "",
        "retain": "",
        "respTopic": "",
        "contentType": "",
        "userProps": "",
        "correl": "",
        "expiry": "",
        "broker": "d71afeb3240d1ab4",
        "x": 550,
        "y": 120,
        "wires": []
    },
    {
        "id": "7d1e1c6a6c967e76",
        "type": "mqtt out",
        "z": "674a3fd5336d6c23",
        "name": "engineTemperature",
        "topic": "car/telemetry/engineTemperature",
        "qos": "",
        "retain": "",
        "respTopic": "",
        "contentType": "",
        "userProps": "",
        "correl": "",
        "expiry": "",
        "broker": "d71afeb3240d1ab4",
        "x": 550,
        "y": 180,
        "wires": []
    },
    {
        "id": "29e611f219313ee5",
        "type": "mqtt out",
        "z": "674a3fd5336d6c23",
        "name": "speed",
        "topic": "car/telemetry/speed",
        "qos": "",
        "retain": "",
        "respTopic": "",
        "contentType": "",
        "userProps": "",
        "correl": "",
        "expiry": "",
        "broker": "d71afeb3240d1ab4",
        "x": 510,
        "y": 240,
        "wires": []
    },
    {
        "id": "fbb1364fdedc8945",
        "type": "mqtt out",
        "z": "674a3fd5336d6c23",
        "name": "seatBeltEngagement",
        "topic": "car/telemetry/seatBeltEngagement",
        "qos": "",
        "retain": "",
        "respTopic": "",
        "contentType": "",
        "userProps": "",
        "correl": "",
        "expiry": "",
        "broker": "d71afeb3240d1ab4",
        "x": 560,
        "y": 300,
        "wires": []
    },
    {
        "id": "d7c3c35189d70a7b",
        "type": "mqtt out",
        "z": "674a3fd5336d6c23",
        "name": "cabinTemperature",
        "topic": "car/telemetry/cabinTemperature",
        "qos": "",
        "retain": "",
        "respTopic": "",
        "contentType": "",
        "userProps": "",
        "correl": "",
        "expiry": "",
        "broker": "d71afeb3240d1ab4",
        "x": 550,
        "y": 360,
        "wires": []
    },
    {
        "id": "6a3d9c33c0613565",
        "type": "mqtt out",
        "z": "674a3fd5336d6c23",
        "name": "airQuality",
        "topic": "car/telemetry/airQuality",
        "qos": "",
        "retain": "",
        "respTopic": "",
        "contentType": "",
        "userProps": "",
        "correl": "",
        "expiry": "",
        "broker": "d71afeb3240d1ab4",
        "x": 520,
        "y": 420,
        "wires": []
    },
    {
        "id": "878dce0844247f9f",
        "type": "mqtt out",
        "z": "674a3fd5336d6c23",
        "name": "tirePressure",
        "topic": "car/telemetry/tirePressure",
        "qos": "",
        "retain": "",
        "respTopic": "",
        "contentType": "",
        "userProps": "",
        "correl": "",
        "expiry": "",
        "broker": "d71afeb3240d1ab4",
        "x": 530,
        "y": 480,
        "wires": []
    },
    {
        "id": "71aaacc1c1b94111",
        "type": "mqtt in",
        "z": "674a3fd5336d6c23",
        "name": "engineTemperature",
        "topic": "car/telemetry/engineTemperature",
        "qos": "2",
        "datatype": "auto-detect",
        "broker": "d71afeb3240d1ab4",
        "nl": false,
        "rap": true,
        "rh": 0,
        "inputs": 0,
        "x": 150,
        "y": 720,
        "wires": [
            [
                "87be9dcd2b659764",
                "ca9e61faa3cc60ea"
            ]
        ]
    },
    {
        "id": "8916d61e8acb272d",
        "type": "mqtt in",
        "z": "674a3fd5336d6c23",
        "name": "speed",
        "topic": "car/telemetry/speed",
        "qos": "2",
        "datatype": "auto-detect",
        "broker": "d71afeb3240d1ab4",
        "nl": false,
        "rap": true,
        "rh": 0,
        "inputs": 0,
        "x": 110,
        "y": 840,
        "wires": [
            [
                "faed91c0e63098e0",
                "d93f7c0ca514c8ca"
            ]
        ]
    },
    {
        "id": "e8905dc68af49d35",
        "type": "mqtt in",
        "z": "674a3fd5336d6c23",
        "name": "seatBeltEngagement",
        "topic": "car/telemetry/seatBeltEngagement",
        "qos": "2",
        "datatype": "auto-detect",
        "broker": "d71afeb3240d1ab4",
        "nl": false,
        "rap": true,
        "rh": 0,
        "inputs": 0,
        "x": 150,
        "y": 940,
        "wires": [
            [
                "b01f5c6f33380d7c",
                "1b362e4c8a45f541"
            ]
        ]
    },
    {
        "id": "be6e22344ebaa088",
        "type": "mqtt in",
        "z": "674a3fd5336d6c23",
        "name": "cabinTemperature",
        "topic": "car/telemetry/cabinTemperature",
        "qos": "2",
        "datatype": "auto-detect",
        "broker": "d71afeb3240d1ab4",
        "nl": false,
        "rap": true,
        "rh": 0,
        "inputs": 0,
        "x": 150,
        "y": 1000,
        "wires": [
            [
                "f573e43fe9ebb441"
            ]
        ]
    },
    {
        "id": "638a7d7a7d44af70",
        "type": "mqtt in",
        "z": "674a3fd5336d6c23",
        "name": "airQuality",
        "topic": "car/telemetry/airQuality",
        "qos": "2",
        "datatype": "auto-detect",
        "broker": "d71afeb3240d1ab4",
        "nl": false,
        "rap": true,
        "rh": 0,
        "inputs": 0,
        "x": 120,
        "y": 1060,
        "wires": [
            [
                "7ea3b08bb3c74f82"
            ]
        ]
    },
    {
        "id": "c30d6281272a24b7",
        "type": "mqtt in",
        "z": "674a3fd5336d6c23",
        "name": "tirePressure",
        "topic": "car/telemetry/tirePressure",
        "qos": "2",
        "datatype": "auto-detect",
        "broker": "d71afeb3240d1ab4",
        "nl": false,
        "rap": true,
        "rh": 0,
        "inputs": 0,
        "x": 130,
        "y": 1140,
        "wires": [
            [
                "824bb5bdbe7e7f69"
            ]
        ]
    },
    {
        "id": "bc427fecf3f3472a",
        "type": "debug",
        "z": "674a3fd5336d6c23",
        "name": "debug 1",
        "active": false,
        "tosidebar": true,
        "console": false,
        "tostatus": false,
        "complete": "payload",
        "targetType": "msg",
        "statusVal": "",
        "statusType": "auto",
        "x": 760,
        "y": 600,
        "wires": []
    },
    {
        "id": "ec5beaadbb66fb18",
        "type": "debug",
        "z": "674a3fd5336d6c23",
        "name": "debug 2",
        "active": false,
        "tosidebar": true,
        "console": false,
        "tostatus": false,
        "complete": "payload",
        "targetType": "msg",
        "statusVal": "",
        "statusType": "auto",
        "x": 760,
        "y": 720,
        "wires": []
    },
    {
        "id": "8c6979f2b24237a3",
        "type": "debug",
        "z": "674a3fd5336d6c23",
        "name": "debug 3",
        "active": false,
        "tosidebar": true,
        "console": false,
        "tostatus": false,
        "complete": "false",
        "statusVal": "",
        "statusType": "auto",
        "x": 760,
        "y": 840,
        "wires": []
    },
    {
        "id": "65872a953ecac134",
        "type": "debug",
        "z": "674a3fd5336d6c23",
        "name": "debug 4",
        "active": false,
        "tosidebar": true,
        "console": false,
        "tostatus": false,
        "complete": "false",
        "statusVal": "",
        "statusType": "auto",
        "x": 760,
        "y": 940,
        "wires": []
    },
    {
        "id": "7a29d6e7e242e739",
        "type": "debug",
        "z": "674a3fd5336d6c23",
        "name": "debug 5",
        "active": false,
        "tosidebar": true,
        "console": false,
        "tostatus": false,
        "complete": "false",
        "statusVal": "",
        "statusType": "auto",
        "x": 760,
        "y": 1000,
        "wires": []
    },
    {
        "id": "a74c446c2b1dc856",
        "type": "debug",
        "z": "674a3fd5336d6c23",
        "name": "debug 6",
        "active": false,
        "tosidebar": true,
        "console": false,
        "tostatus": false,
        "complete": "false",
        "statusVal": "",
        "statusType": "auto",
        "x": 760,
        "y": 1060,
        "wires": []
    },
    {
        "id": "2271012e342d4fac",
        "type": "debug",
        "z": "674a3fd5336d6c23",
        "name": "debug 7",
        "active": false,
        "tosidebar": true,
        "console": false,
        "tostatus": false,
        "complete": "false",
        "statusVal": "",
        "statusType": "auto",
        "x": 760,
        "y": 1140,
        "wires": []
    },
    {
        "id": "81f782c1a7fba76a",
        "type": "function",
        "z": "674a3fd5336d6c23",
        "name": "function 8",
        "func": "try {\n    return msg;\n} catch (error) {\n    node.error(\"Error processing data: \" + error.message, msg);\n    return null;\n}",
        "outputs": 1,
        "timeout": 0,
        "noerr": 0,
        "initialize": "",
        "finalize": "",
        "libs": [],
        "x": 360,
        "y": 600,
        "wires": [
            [
                "bc427fecf3f3472a",
                "522655304fc665f2"
            ]
        ]
    },
    {
        "id": "87be9dcd2b659764",
        "type": "function",
        "z": "674a3fd5336d6c23",
        "name": "function 9",
        "func": "try {   \n\n    return msg;\n} catch (error) {\n    node.error(\"Error processing data: \" + error.message, msg);\n    return null;\n}",
        "outputs": 1,
        "timeout": 0,
        "noerr": 0,
        "initialize": "",
        "finalize": "",
        "libs": [],
        "x": 360,
        "y": 720,
        "wires": [
            [
                "ec5beaadbb66fb18",
                "fb1daa2ed8beaaf9"
            ]
        ]
    },
    {
        "id": "faed91c0e63098e0",
        "type": "function",
        "z": "674a3fd5336d6c23",
        "name": "function 10",
        "func": "try {\n\n    return msg;\n} catch (error) {\n    node.error(\"Error processing data: \" + error.message, msg);\n    return null;\n}",
        "outputs": 1,
        "timeout": 0,
        "noerr": 0,
        "initialize": "",
        "finalize": "",
        "libs": [],
        "x": 370,
        "y": 840,
        "wires": [
            [
                "8c6979f2b24237a3",
                "d933621dbe83661a"
            ]
        ]
    },
    {
        "id": "b01f5c6f33380d7c",
        "type": "function",
        "z": "674a3fd5336d6c23",
        "name": "function 11",
        "func": "try {   \n    let seatBeltEngaged = msg.payload.seatBeltEngaged;\n    let speed = flow.get('currentSpeed') || 0;\n    let alert = null;\n\n    if (!seatBeltEngaged && speed > 0) {\n        alert = \"Warning: Seat belt unengaged while in motion! (\" + speed + \" mph)\";\n    }\n\n    msg.payload.alert = alert;\n\n    return msg;\n} catch (error) {\n    node.error(\"Error processing data: \" + error.message, msg);\n    return null;\n}",
        "outputs": 1,
        "timeout": 0,
        "noerr": 0,
        "initialize": "",
        "finalize": "",
        "libs": [],
        "x": 370,
        "y": 940,
        "wires": [
            [
                "65872a953ecac134",
                "873d41e95e8890c6"
            ]
        ]
    },
    {
        "id": "7ea3b08bb3c74f82",
        "type": "function",
        "z": "674a3fd5336d6c23",
        "name": "function 13",
        "func": "try {    \n    var aqi = msg.payload.airQualityIndex;\n    var alerts = [];\n\n    if (aqi > 100) {\n        alerts.push(\"Warning: Poor cabin air quality! AQI \" + aqi);\n    }\n\n    msg.payload = {\n        airQualityIndex: aqi,\n        alerts: alerts\n    };\n\n    return msg;\n} catch (error) {\n    node.error(\"Error processing data: \" + error.message, msg);\n    return null; \n}",
        "outputs": 1,
        "timeout": 0,
        "noerr": 0,
        "initialize": "",
        "finalize": "",
        "libs": [],
        "x": 370,
        "y": 1060,
        "wires": [
            [
                "a74c446c2b1dc856",
                "69cacf325f9ed942"
            ]
        ]
    },
    {
        "id": "824bb5bdbe7e7f69",
        "type": "function",
        "z": "674a3fd5336d6c23",
        "name": "function 14",
        "func": "try {\n\n    return msg;\n} catch (error) {\n    node.error(\"Error processing data: \" + error.message, msg);\n    return null; // Stop further processing in case of error\n}\n\n",
        "outputs": 1,
        "timeout": 0,
        "noerr": 0,
        "initialize": "",
        "finalize": "",
        "libs": [],
        "x": 370,
        "y": 1140,
        "wires": [
            [
                "2271012e342d4fac",
                "7bfe53d86c32fb2b"
            ]
        ]
    },
    {
        "id": "873d41e95e8890c6",
        "type": "ui_text",
        "z": "674a3fd5336d6c23",
        "group": "d395748caecdce2c",
        "order": 1,
        "width": 0,
        "height": 0,
        "name": "",
        "label": "seatBeltEngagement",
        "format": "{{msg.payload}}",
        "layout": "col-center",
        "className": "",
        "style": true,
        "font": "Georgia,Georgia,serif",
        "fontSize": "13",
        "color": "#000000",
        "x": 580,
        "y": 920,
        "wires": []
    },
    {
        "id": "522655304fc665f2",
        "type": "ui_chart",
        "z": "674a3fd5336d6c23",
        "name": "",
        "group": "b805918f746fb3b1",
        "order": 1,
        "width": 0,
        "height": 0,
        "label": "Fuel Consumption",
        "chartType": "line",
        "legend": "false",
        "xformat": "HH:mm:ss",
        "interpolate": "linear",
        "nodata": "",
        "dot": false,
        "ymin": "27.5",
        "ymax": "32.5",
        "removeOlder": "30",
        "removeOlderPoints": "",
        "removeOlderUnit": "1",
        "cutout": 0,
        "useOneColor": false,
        "useUTC": false,
        "colors": [
            "#1f77b4",
            "#aec7e8",
            "#ff7f0e",
            "#2ca02c",
            "#98df8a",
            "#d62728",
            "#ff9896",
            "#9467bd",
            "#c5b0d5"
        ],
        "outputs": 1,
        "useDifferentColor": false,
        "className": "",
        "x": 570,
        "y": 580,
        "wires": [
            []
        ]
    },
    {
        "id": "fb1daa2ed8beaaf9",
        "type": "ui_gauge",
        "z": "674a3fd5336d6c23",
        "name": "",
        "group": "528061985109f79d",
        "order": 1,
        "width": 0,
        "height": 0,
        "gtype": "gage",
        "title": "Engine Temperature",
        "label": "units",
        "format": "{{value}}",
        "min": "70",
        "max": "220",
        "colors": [
            "#00b500",
            "#e6e600",
            "#ca3838"
        ],
        "seg1": "",
        "seg2": "",
        "diff": false,
        "className": "",
        "x": 580,
        "y": 700,
        "wires": []
    },
    {
        "id": "7bfe53d86c32fb2b",
        "type": "ui_gauge",
        "z": "674a3fd5336d6c23",
        "name": "",
        "group": "528061985109f79d",
        "order": 3,
        "width": 0,
        "height": 0,
        "gtype": "gage",
        "title": "Tire Pressure",
        "label": "units",
        "format": "{{value}}",
        "min": "28",
        "max": "35",
        "colors": [
            "#00b500",
            "#e6e600",
            "#ca3838"
        ],
        "seg1": "",
        "seg2": "",
        "diff": false,
        "className": "",
        "x": 560,
        "y": 1120,
        "wires": []
    },
    {
        "id": "f573e43fe9ebb441",
        "type": "function",
        "z": "674a3fd5336d6c23",
        "name": "function 18",
        "func": "try {\n    var temperature = msg.payload.cabinTemperature;\n    var alerts = [];\n\n    if (temperature < 18 || temperature > 26) {\n        alerts.push(\"Unsuitable cabin temperature: \" + temperature + \" °C\");\n    }\n\n    msg.payload.alerts = alerts;\n    return msg;\n} catch (error) {\n    node.error(\"Error processing data: \" + error.message, msg);\n    return null;\n}",
        "outputs": 1,
        "timeout": 0,
        "noerr": 0,
        "initialize": "",
        "finalize": "",
        "libs": [],
        "x": 370,
        "y": 1000,
        "wires": [
            [
                "7a29d6e7e242e739",
                "e1e1015a45c6c895"
            ]
        ]
    },
    {
        "id": "e1e1015a45c6c895",
        "type": "ui_text",
        "z": "674a3fd5336d6c23",
        "group": "d395748caecdce2c",
        "order": 5,
        "width": 0,
        "height": 0,
        "name": "",
        "label": "cabinTemperature",
        "format": "{{msg.payload}}",
        "layout": "col-center",
        "className": "",
        "style": true,
        "font": "Georgia,Georgia,serif",
        "fontSize": "14",
        "color": "#000000",
        "x": 570,
        "y": 980,
        "wires": []
    },
    {
        "id": "69cacf325f9ed942",
        "type": "ui_text",
        "z": "674a3fd5336d6c23",
        "group": "d395748caecdce2c",
        "order": 7,
        "width": 0,
        "height": 0,
        "name": "",
        "label": "airQuality",
        "format": "{{msg.payload}}",
        "layout": "col-center",
        "className": "",
        "style": true,
        "font": "Georgia,Georgia,serif",
        "fontSize": "14",
        "color": "#000000",
        "x": 520,
        "y": 1040,
        "wires": []
    },
    {
        "id": "d933621dbe83661a",
        "type": "ui_chart",
        "z": "674a3fd5336d6c23",
        "name": "",
        "group": "b805918f746fb3b1",
        "order": 3,
        "width": 0,
        "height": 0,
        "label": "Speed",
        "chartType": "line",
        "legend": "false",
        "xformat": "HH:mm:ss",
        "interpolate": "linear",
        "nodata": "",
        "dot": false,
        "ymin": "0",
        "ymax": "100",
        "removeOlder": 1,
        "removeOlderPoints": "",
        "removeOlderUnit": "3600",
        "cutout": 0,
        "useOneColor": false,
        "useUTC": false,
        "colors": [
            "#1f77b4",
            "#aec7e8",
            "#ff7f0e",
            "#2ca02c",
            "#98df8a",
            "#d62728",
            "#ff9896",
            "#9467bd",
            "#c5b0d5"
        ],
        "outputs": 1,
        "useDifferentColor": false,
        "className": "",
        "x": 530,
        "y": 820,
        "wires": [
            []
        ]
    },
    {
        "id": "1b362e4c8a45f541",
        "type": "function",
        "z": "674a3fd5336d6c23",
        "name": "function 19",
        "func": "try {\n    let seatBeltEngaged = msg.payload.seatBeltEngaged;\n    let doors = null;\n\n    if (seatBeltEngaged) {\n        doors = \"Closed\"\n    } else {\n        doors = \"Open\"\n    }\n\n    msg.payload.doors = doors;\n\n    return msg;\n} catch (error) {\n    node.error(\"Error processing data: \" + error.message, msg);\n    return null;\n}",
        "outputs": 1,
        "timeout": 0,
        "noerr": 0,
        "initialize": "",
        "finalize": "",
        "libs": [],
        "x": 370,
        "y": 900,
        "wires": [
            [
                "aa383850998a8cab"
            ]
        ]
    },
    {
        "id": "aa383850998a8cab",
        "type": "ui_text",
        "z": "674a3fd5336d6c23",
        "group": "d395748caecdce2c",
        "order": 3,
        "width": 0,
        "height": 0,
        "name": "",
        "label": "doorStatus",
        "format": "{{msg.payload}}",
        "layout": "col-center",
        "className": "",
        "style": true,
        "font": "Georgia,Georgia,serif",
        "fontSize": "14",
        "color": "#000000",
        "x": 550,
        "y": 880,
        "wires": []
    },
    {
        "id": "c8283e011e9a13b1",
        "type": "catch",
        "z": "674a3fd5336d6c23",
        "name": "",
        "scope": null,
        "uncaught": false,
        "x": 120,
        "y": 1420,
        "wires": [
            [
                "04cb6112b5293a35"
            ]
        ]
    },
    {
        "id": "e6421833ef41cab2",
        "type": "openweathermap",
        "z": "674a3fd5336d6c23",
        "name": "Weather in Birmingham",
        "wtype": "current",
        "lon": "",
        "lat": "",
        "city": "Birmingham",
        "country": "United States",
        "language": "en",
        "x": 350,
        "y": 1260,
        "wires": [
            [
                "e3e1d2eef36644fe"
            ]
        ]
    },
    {
        "id": "4409ee7473326814",
        "type": "inject",
        "z": "674a3fd5336d6c23",
        "name": "",
        "props": [
            {
                "p": "payload"
            },
            {
                "p": "topic",
                "vt": "str"
            }
        ],
        "repeat": "1",
        "crontab": "",
        "once": false,
        "onceDelay": 0.1,
        "topic": "",
        "payload": "",
        "payloadType": "date",
        "x": 150,
        "y": 1260,
        "wires": [
            [
                "e6421833ef41cab2"
            ]
        ]
    },
    {
        "id": "e3e1d2eef36644fe",
        "type": "function",
        "z": "674a3fd5336d6c23",
        "name": "function 17",
        "func": "var weatherData = msg.payload;\n\nvar weather = weatherData.weather;\nvar temperatureK = weatherData.tempk;\nvar temperatureC = temperatureK - 273.15;\n\nvar alerts = [];\n\n// Check for high temperature\nif (temperatureC > 30) {\n    alerts.push(\"High temperature: Increased risk of engine overheating.\");\n}\n\n// Check for clear weather\nif (weather === \"Clear\") {\n    alerts.push(\"Clear weather: Optimal driving conditions.\");\n}\n\n// Check for rain\nif (weather === \"Rain\") {\n    alerts.push(\"Rain: Reduced visibility and road grip. Increase caution.\");\n}\n\n// Check for snow\nif (weather === \"Snow\") {\n    alerts.push(\"Snow: Risk of slippery roads. Use winter tires.\");\n}\n\n// Check for fog\nif (weather === \"Fog\") {\n    alerts.push(\"Fog: Significantly reduced visibility. Drive slowly.\");\n}\n\n// Format the output message payload\nmsg.payload = {\n    weather: weather,\n    temperature: temperatureC.toFixed(2) + \" °C\",\n    alerts: alerts\n};\n\nreturn msg;",
        "outputs": 1,
        "timeout": 0,
        "noerr": 0,
        "initialize": "",
        "finalize": "",
        "libs": [],
        "x": 550,
        "y": 1260,
        "wires": [
            [
                "1faa8a5167509f0d",
                "0fd98bf24e26c9c4"
            ]
        ]
    },
    {
        "id": "1faa8a5167509f0d",
        "type": "debug",
        "z": "674a3fd5336d6c23",
        "name": "debug 8",
        "active": false,
        "tosidebar": true,
        "console": false,
        "tostatus": false,
        "complete": "false",
        "statusVal": "",
        "statusType": "auto",
        "x": 700,
        "y": 1260,
        "wires": []
    },
    {
        "id": "0fd98bf24e26c9c4",
        "type": "ui_text",
        "z": "674a3fd5336d6c23",
        "group": "d395748caecdce2c",
        "order": 9,
        "width": 0,
        "height": 0,
        "name": "",
        "label": "Weather In Birmingham, AL",
        "format": "{{msg.payload}}",
        "layout": "col-center",
        "className": "",
        "style": false,
        "font": "",
        "fontSize": 16,
        "color": "#000000",
        "x": 720,
        "y": 1220,
        "wires": []
    },
    {
        "id": "44445de0d422fd00",
        "type": "inject",
        "z": "674a3fd5336d6c23",
        "name": "",
        "props": [
            {
                "p": "payload"
            },
            {
                "p": "topic",
                "vt": "str"
            }
        ],
        "repeat": "",
        "crontab": "",
        "once": false,
        "onceDelay": 0.1,
        "topic": "",
        "payload": "",
        "payloadType": "date",
        "x": 140,
        "y": 1340,
        "wires": [
            [
                "777fb68642c3f6aa"
            ]
        ]
    },
    {
        "id": "777fb68642c3f6aa",
        "type": "function",
        "z": "674a3fd5336d6c23",
        "name": "ErrorFunction",
        "func": "node.error(\"Error processing data: \" + msg.error.message, msg);\nreturn null;",
        "outputs": 1,
        "timeout": 0,
        "noerr": 0,
        "initialize": "",
        "finalize": "",
        "libs": [],
        "x": 320,
        "y": 1340,
        "wires": [
            []
        ]
    },
    {
        "id": "8cbe7b91704965b3",
        "type": "debug",
        "z": "674a3fd5336d6c23",
        "name": "debug 9",
        "active": false,
        "tosidebar": true,
        "console": false,
        "tostatus": false,
        "complete": "true",
        "targetType": "full",
        "statusVal": "",
        "statusType": "auto",
        "x": 480,
        "y": 1420,
        "wires": []
    },
    {
        "id": "aae8ac8cd77ca3d9",
        "type": "ui_toast",
        "z": "674a3fd5336d6c23",
        "position": "top right",
        "displayTime": "3",
        "highlight": "",
        "sendall": true,
        "outputs": 0,
        "ok": "OK",
        "cancel": "",
        "raw": false,
        "className": "",
        "topic": "",
        "name": "",
        "x": 510,
        "y": 1380,
        "wires": []
    },
    {
        "id": "04cb6112b5293a35",
        "type": "change",
        "z": "674a3fd5336d6c23",
        "name": "",
        "rules": [
            {
                "t": "set",
                "p": "topic",
                "pt": "msg",
                "to": "Error Notification",
                "tot": "str"
            },
            {
                "t": "set",
                "p": "payload",
                "pt": "msg",
                "to": "error.message",
                "tot": "msg"
            }
        ],
        "action": "",
        "property": "",
        "from": "",
        "to": "",
        "reg": false,
        "x": 280,
        "y": 1420,
        "wires": [
            [
                "aae8ac8cd77ca3d9",
                "8cbe7b91704965b3"
            ]
        ]
    },
    {
        "id": "c0eb7229140f5924",
        "type": "function",
        "z": "674a3fd5336d6c23",
        "name": "function 20",
        "func": "try {\n    const maxSafeConsumption = 30;\n    let currentConsumption = msg.payload;\n    let alert = null;\n\n    if (currentConsumption > maxSafeConsumption) {\n        alert = \"Warning: Rapid fuel consumption!\";\n    }\n\n    // Combine the value and alert into a single string for the UI text\n    msg.payload = `Fuel Consumption: ${currentConsumption} (mpg) ${alert ? '| ' + alert : ''}`;\n\n    return msg;\n} catch (error) {\n    node.error(\"Error processing data: \" + error.message, msg);\n    return null;\n}",
        "outputs": 1,
        "timeout": 0,
        "noerr": 0,
        "initialize": "",
        "finalize": "",
        "libs": [],
        "x": 360,
        "y": 540,
        "wires": [
            [
                "9ece029f77997cbf"
            ]
        ]
    },
    {
        "id": "9ece029f77997cbf",
        "type": "ui_text",
        "z": "674a3fd5336d6c23",
        "group": "66d4b434ebb186c7",
        "order": 4,
        "width": 0,
        "height": 0,
        "name": "",
        "label": "Rapid Fuel Consumption",
        "format": "{{msg.payload}}",
        "layout": "col-center",
        "className": "",
        "style": false,
        "font": "",
        "fontSize": 16,
        "color": "#000000",
        "x": 583.8958129882812,
        "y": 539.111083984375,
        "wires": []
    },
    {
        "id": "ca9e61faa3cc60ea",
        "type": "function",
        "z": "674a3fd5336d6c23",
        "name": "function 21",
        "func": "try {\n    const maxSafeTemperature = 200;\n    let currentTemperature = msg.payload; // Use msg.payload directly\n    let alert = null;\n\n    if (currentTemperature > maxSafeTemperature) {\n        alert = \"Warning: High engine temperature!\";\n    }\n\n    msg.payload = `Engine Temperature: ${currentTemperature} (C) ${alert ? '| ' + alert : ''}`;\n\n    return msg;\n} catch (error) {\n    node.error(\"Error processing data: \" + error.message, msg);\n    return null;\n}\n",
        "outputs": 1,
        "timeout": 0,
        "noerr": 0,
        "initialize": "",
        "finalize": "",
        "libs": [],
        "x": 370,
        "y": 660,
        "wires": [
            [
                "1330762b500c3a04"
            ]
        ]
    },
    {
        "id": "1330762b500c3a04",
        "type": "ui_text",
        "z": "674a3fd5336d6c23",
        "group": "66d4b434ebb186c7",
        "order": 2,
        "width": 0,
        "height": 0,
        "name": "",
        "label": "High Engine Temperature",
        "format": "{{msg.payload}}",
        "layout": "col-center",
        "className": "",
        "style": false,
        "font": "",
        "fontSize": 16,
        "color": "#000000",
        "x": 590,
        "y": 660,
        "wires": []
    },
    {
        "id": "d93f7c0ca514c8ca",
        "type": "function",
        "z": "674a3fd5336d6c23",
        "name": "function 22",
        "func": "try {\n    const maxSafeSpeed = 90;\n    let currentSpeed = msg.payload; // Use msg.payload directly\n    let alert = null;\n\n    if (currentSpeed > maxSafeSpeed) {\n        alert = \"Warning: Excessive speed!\";\n    }\n\n    msg.payload = `Speed: ${currentSpeed} mph ${alert ? '| ' + alert : ''}`;\n    return msg;\n} catch (error) {\n    node.error(\"Error processing data: \" + error.message, msg);\n    return null;\n}\n",
        "outputs": 1,
        "timeout": 0,
        "noerr": 0,
        "initialize": "",
        "finalize": "",
        "libs": [],
        "x": 370,
        "y": 780,
        "wires": [
            [
                "8f43c73965b738e7"
            ]
        ]
    },
    {
        "id": "8f43c73965b738e7",
        "type": "ui_text",
        "z": "674a3fd5336d6c23",
        "group": "66d4b434ebb186c7",
        "order": 6,
        "width": 0,
        "height": 0,
        "name": "",
        "label": "Excessive Speed",
        "format": "{{msg.payload}}",
        "layout": "col-center",
        "className": "",
        "style": false,
        "font": "",
        "fontSize": 16,
        "color": "#000000",
        "x": 570,
        "y": 780,
        "wires": []
    },
    {
        "id": "9bc9dad867d22268",
        "type": "ui_spacer",
        "z": "674a3fd5336d6c23",
        "name": "spacer",
        "group": "528061985109f79d",
        "order": 2,
        "width": 6,
        "height": 1
    },
    {
        "id": "30a082d8fae8afea",
        "type": "ui_spacer",
        "z": "674a3fd5336d6c23",
        "name": "spacer",
        "group": "b805918f746fb3b1",
        "order": 2,
        "width": 6,
        "height": 1
    },
    {
        "id": "3138d7f1ac4fde6b",
        "type": "ui_spacer",
        "z": "674a3fd5336d6c23",
        "name": "spacer",
        "group": "d395748caecdce2c",
        "order": 2,
        "width": 6,
        "height": 1
    },
    {
        "id": "05534a4bce87ec17",
        "type": "ui_spacer",
        "z": "674a3fd5336d6c23",
        "name": "spacer",
        "group": "d395748caecdce2c",
        "order": 4,
        "width": 6,
        "height": 1
    },
    {
        "id": "68d579441ea9e7ac",
        "type": "ui_spacer",
        "z": "674a3fd5336d6c23",
        "name": "spacer",
        "group": "d395748caecdce2c",
        "order": 6,
        "width": 6,
        "height": 1
    },
    {
        "id": "ae2b38606f566ab6",
        "type": "ui_spacer",
        "z": "674a3fd5336d6c23",
        "name": "spacer",
        "group": "d395748caecdce2c",
        "order": 8,
        "width": 6,
        "height": 1
    },
    {
        "id": "ea5b1de91cce576a",
        "type": "ui_spacer",
        "z": "674a3fd5336d6c23",
        "name": "spacer",
        "group": "66d4b434ebb186c7",
        "order": 1,
        "width": 6,
        "height": 1
    },
    {
        "id": "65da7608f6c89ae0",
        "type": "ui_spacer",
        "z": "674a3fd5336d6c23",
        "name": "spacer",
        "group": "66d4b434ebb186c7",
        "order": 3,
        "width": 6,
        "height": 1
    },
    {
        "id": "085040312143f59e",
        "type": "ui_spacer",
        "z": "674a3fd5336d6c23",
        "name": "spacer",
        "group": "66d4b434ebb186c7",
        "order": 5,
        "width": 6,
        "height": 1
    },
    {
        "id": "db984ad83784db48",
        "type": "ui_spacer",
        "z": "674a3fd5336d6c23",
        "name": "spacer",
        "group": "66d4b434ebb186c7",
        "order": 7,
        "width": 6,
        "height": 1
    },
    {
        "id": "d71afeb3240d1ab4",
        "type": "mqtt-broker",
        "name": "",
        "broker": "127.0.0.1",
        "port": "1883",
        "clientid": "",
        "autoConnect": true,
        "usetls": false,
        "protocolVersion": "4",
        "keepalive": "60",
        "cleansession": true,
        "autoUnsubscribe": true,
        "birthTopic": "",
        "birthQos": "0",
        "birthRetain": "false",
        "birthPayload": "",
        "birthMsg": {},
        "closeTopic": "",
        "closeQos": "0",
        "closeRetain": "false",
        "closePayload": "",
        "closeMsg": {},
        "willTopic": "",
        "willQos": "0",
        "willRetain": "false",
        "willPayload": "",
        "willMsg": {},
        "userProps": "",
        "sessionExpiry": ""
    },
    {
        "id": "d395748caecdce2c",
        "type": "ui_group",
        "name": "Indicators",
        "tab": "25af7dfa641c217b",
        "order": 7,
        "disp": true,
        "width": "6",
        "collapse": false,
        "className": ""
    },
    {
        "id": "b805918f746fb3b1",
        "type": "ui_group",
        "name": "Charts",
        "tab": "25af7dfa641c217b",
        "order": 5,
        "disp": true,
        "width": "6",
        "collapse": false,
        "className": ""
    },
    {
        "id": "528061985109f79d",
        "type": "ui_group",
        "name": "Guages",
        "tab": "25af7dfa641c217b",
        "order": 2,
        "disp": true,
        "width": "6",
        "collapse": false,
        "className": ""
    },
    {
        "id": "66d4b434ebb186c7",
        "type": "ui_group",
        "name": "Safe Operational Thresholds Sensor",
        "tab": "25af7dfa641c217b",
        "order": 8,
        "disp": true,
        "width": "6",
        "collapse": false,
        "className": ""
    },
    {
        "id": "25af7dfa641c217b",
        "type": "ui_tab",
        "name": "Guages",
        "icon": "dashboard",
        "order": 1,
        "disabled": false,
        "hidden": false
    }
]